IndicatorCode,Indicator,ValueType,ParentLocationCode,ParentLocation,Location type,SpatialDimValueCode,Location,Period type,Period,IsLatestYear,Dim1 type,Dim1,Dim1ValueCode,Dim2 type,Dim2,Dim2ValueCode,Dim3 type,Dim3,Dim3ValueCode,DataSourceDimValueCode,DataSource,FactValueNumericPrefix,FactValueNumeric,FactValueUoM,FactValueNumericLowPrefix,FactValueNumericLow,FactValueNumericHighPrefix,FactValueNumericHigh,Value,FactValueTranslationID,FactComments,Language,DateModified
HWF_0001,"Medical doctors (per 10,000)",numeric,WPR,Western Pacific,Country,PNG,Papua New Guinea,Year,2024,TRUE,,,,,,,,,,,,,0.46,,,,,,0.46,,"NHWA data portal, December 2025 update; https://apps.who.int/nhwaportal/",EN,2026-01-23T00:00:00.000Z
HWF_0001,"Medical doctors (per 10,000)",numeric,AFR,Africa,Country,TGO,Togo,Year,2024,TRUE,,,,,,,,,,,,,0.59,,,,,,0.59,,"NHWA data portal, December 2025 update; https://apps.who.int/nhwaportal/",EN,2026-01-23T00:00:00.000Z
HWF_0001,"Medical doctors (per 10,000)",numeric,EMR,Eastern Mediterranean,Country,SOM,Somalia,Year,2024,TRUE,,,,,,,,,,,,,0.65,,,,,,0.65,,"NHWA data portal, December 2025 update; https://apps.who.int/nhwaportal/",EN,2026-01-23T00:00:00.000Z
HWF_0001,"Medical doctors (per 10,000)",numeric,AFR,Africa,Country,TCD,Chad,Year,2024,TRUE,,,,,,,,,,,,,0.8,,,,,,0.8,,"NHWA data portal, December 2025 update; https://apps.who.int/nhwaportal/",EN,2026-01-23T00:00:00.000Z
HWF_0001,"Medical doctors (per 10,000)",numeric,AFR,Africa,Country,BDI,Burundi,Year,2024,TRUE,,,,,,,,,,,,,0.83,,,,,,0.83,,"NHWA data portal, December 2025 update; https://apps.who.int/nhwaportal/",EN,2026-01-23T00:00:00.000Z
HWF_0001,"Medical doctors (per 10,000)",numeric,AFR,Africa,Country,MWI,Malawi,Year,2024,TRUE,,,,,,,,,,,,,0.84,,,,,,0.84,,"NHWA data portal, December 2025 update; https://apps.who.int/nhwaportal/",EN,2026-01-23T00:00:00.000Z
HWF_0001,"Medical doctors (per 10,000)",numeric,AFR,Africa,Country,CMR,Cameroon,Year,2024,TRUE,,,,,,,,,,,,,0.88,,,,,,0.88,,"NHWA data portal, December 2025 update; https://apps.who.int/nhwaportal/",EN,2026-01-23T00:00:00.000Z
HWF_0001,"Medical doctors (per 10,000)",numeric,AFR,Africa,Country,MOZ,Mozambique,Year,2024,TRUE,,,,,,,,,,,,,0.91,,,,,,0.91,,"NHWA data portal, December 2025 update; https://apps.who.int/nhwaportal/",EN,2026-01-23T00:00:00.000Z
HWF_0001,"Medical doctors (per 10,000)",numeric,AFR,Africa,Country,CAF,Central African Republic,Year,2024,TRUE,,,,,,,,,,,,,1,,,,,,1,,"NHWA data portal, December 2025 update; https://apps.who.int/nhwaportal/",EN,2026-01-23T00:00:00.000Z
HWF_0001,"Medical doctors (per 10,000)",numeric,AFR,Africa,Country,MDG,Madagascar,Year,2024,TRUE,,,,,,,,,,,,,1.03,,,,,,1.03,,"NHWA data portal, December 2025 update; https://apps.who.int/nhwaportal/",EN,2026-01-23T00:00:00.000Z
HWF_0001,"Medical doctors (per 10,000)",numeric,AFR,Africa,Country,BFA,Burkina Faso,Year,2024,TRUE,,,,,,,,,,,,,1.07,,,,,,1.07,,"NHWA data portal, December 2025 update; https://apps.who.int/nhwaportal/",EN,2026-01-23T00:00:00.000Z
HWF_0001,"Medical doctors (per 10,000)",numeric,AFR,Africa,Country,GIN,Guinea,Year,2024,TRUE,,,,,,,,,,,,,1.15,,,,,,1.15,,"NHWA data portal, December 2025 update; https://apps.who.int/nhwaportal/",EN,2026-01-23T00:00:00.000Z
HWF_0001,"Medical doctors (per 10,000)",numeric,AFR,Africa,Country,SEN,Senegal,Year,2024,TRUE,,,,,,,,,,,,,1.24,,,,,,1.24,,"NHWA data portal, December 2025 update; https://apps.who.int/nhwaportal/",EN,2026-01-23T00:00:00.000Z
HWF_0001,"Medical doctors (per 10,000)",numeric,AFR,Africa,Country,SSD,South Sudan,Year,2024,TRUE,,,,,,,,,,,,,1.49,,,,,,1.49,,"NHWA data portal, December 2025 update; https://apps.who.int/nhwaportal/",EN,2026-01-23T00:00:00.000Z
HWF_0001,"Medical doctors (per 10,000)",numeric,AFR,Africa,Country,ETH,Ethiopia,Year,2024,TRUE,,,,,,,,,,,,,1.56,,,,,,1.56,,"NHWA data portal, December 2025 update; https://apps.who.int/nhwaportal/",EN,2026-01-23T00:00:00.000Z
HWF_0001,"Medical doctors (per 10,000)",numeric,AFR,Africa,Country,ZMB,Zambia,Year,2024,TRUE,,,,,,,,,,,,,1.63,,,,,,1.63,,"NHWA data portal, December 2025 update; https://apps.who.int/nhwaportal/",EN,2026-01-23T00:00:00.000Z
HWF_0001,"Medical doctors (per 10,000)",numeric,AFR,Africa,Country,TZA,United Republic of Tanzania,Year,2024,TRUE,,,,,,,,,,,,,1.75,,,,,,1.75,,"NHWA data portal, December 2025 update; https://apps.who.int/nhwaportal/",EN,2026-01-23T00:00:00.000Z
HWF_0001,"Medical doctors (per 10,000)",numeric,AFR,Africa,Country,RWA,Rwanda,Year,2024,TRUE,,,,,,,,,,,,,1.77,,,,,,1.77,,"NHWA data portal, December 2025 update; https://apps.who.int/nhwaportal/",EN,2026-01-23T00:00:00.000Z
HWF_0001,"Medical doctors (per 10,000)",numeric,AFR,Africa,Country,LSO,Lesotho,Year,2024,TRUE,,,,,,,,,,,,,1.84,,,,,,1.84,,"NHWA data portal, December 2025 update; https://apps.who.int/nhwaportal/",EN,2026-01-23T00:00:00.000Z
HWF_0001,"Medical doctors (per 10,000)",numeric,AFR,Africa,Country,ZWE,Zimbabwe,Year,2024,TRUE,,,,,,,,,,,,,1.86,,,,,,1.86,,"NHWA data portal, December 2025 update; https://apps.who.int/nhwaportal/",EN,2026-01-23T00:00:00.000Z
HWF_0001,"Medical doctors (per 10,000)",numeric,AMR,Americas,Country,JAM,Jamaica,Year,2024,TRUE,,,,,,,,,,,,,10.23,,,,,,10.23,,"NHWA data portal, December 2025 update; https://apps.who.int/nhwaportal/",EN,2026-01-23T00:00:00.000Z
HWF_0001,"Medical doctors (per 10,000)",numeric,SEAR,South-East Asia,Country,NPL,Nepal,Year,2024,TRUE,,,,,,,,,,,,,10.88,,,,,,10.88,,"NHWA data portal, December 2025 update; https://apps.who.int/nhwaportal/",EN,2026-01-23T00:00:00.000Z
HWF_0001,"Medical doctors (per 10,000)",numeric,EMR,Eastern Mediterranean,Country,PAK,Pakistan,Year,2024,TRUE,,,,,,,,,,,,,12.84,,,,,,12.84,,"NHWA data portal, December 2025 update; https://apps.who.int/nhwaportal/",EN,2026-01-23T00:00:00.000Z
HWF_0001,"Medical doctors (per 10,000)",numeric,AMR,Americas,Country,SUR,Suriname,Year,2024,TRUE,,,,,,,,,,,,,13.07,,,,,,13.07,,"NHWA data portal, December 2025 update; https://apps.who.int/nhwaportal/",EN,2026-01-23T00:00:00.000Z
HWF_0001,"Medical doctors (per 10,000)",numeric,EUR,Europe,Country,KGZ,Kyrgyzstan,Year,2024,TRUE,,,,,,,,,,,,,15.45,,,,,,15.45,,"NHWA data portal, December 2025 update; https://apps.who.int/nhwaportal/",EN,2026-01-23T00:00:00.000Z
HWF_0001,"Medical doctors (per 10,000)",numeric,AMR,Americas,Country,GTM,Guatemala,Year,2024,TRUE,,,,,,,,,,,,,16.27,,,,,,16.27,,"NHWA data portal, December 2025 update; https://apps.who.int/nhwaportal/",EN,2026-01-23T00:00:00.000Z
HWF_0001,"Medical doctors (per 10,000)",numeric,AFR,Africa,Country,SYC,Seychelles,Year,2024,TRUE,,,,,,,,,,,,,16.33,,,,,,16.33,,"NHWA data portal, December 2025 update; https://apps.who.int/nhwaportal/",EN,2026-01-23T00:00:00.000Z
HWF_0001,"Medical doctors (per 10,000)",numeric,WPR,Western Pacific,Country,TUV,Tuvalu,Year,2024,TRUE,,,,,,,,,,,,,17.71,,,,,,17.71,,"NHWA data portal, December 2025 update; https://apps.who.int/nhwaportal/",EN,2026-01-23T00:00:00.000Z
HWF_0001,"Medical doctors (per 10,000)",numeric,EUR,Europe,Country,TKM,Turkmenistan,Year,2024,TRUE,,,,,,,,,,,,,18.98,,,,,,18.98,,"NHWA data portal, December 2025 update; https://apps.who.int/nhwaportal/",EN,2026-01-23T00:00:00.000Z
HWF_0001,"Medical doctors (per 10,000)",numeric,AMR,Americas,Country,VCT,Saint Vincent and the Grenadines,Year,2024,TRUE,,,,,,,,,,,,,18.99,,,,,,18.99,,"NHWA data portal, December 2025 update; https://apps.who.int/nhwaportal/",EN,2026-01-23T00:00:00.000Z
HWF_0001,"Medical doctors (per 10,000)",numeric,WPR,Western Pacific,Country,COK,Cook Islands,Year,2024,TRUE,,,,,,,,,,,,,19.71,,,,,,19.71,,"NHWA data portal, December 2025 update; https://apps.who.int/nhwaportal/",EN,2026-01-23T00:00:00.000Z
HWF_0001,"Medical doctors (per 10,000)",numeric,AFR,Africa,Country,AGO,Angola,Year,2024,TRUE,,,,,,,,,,,,,2.02,,,,,,2.02,,"NHWA data portal, December 2025 update; https://apps.who.int/nhwaportal/",EN,2026-01-23T00:00:00.000Z
HWF_0001,"Medical doctors (per 10,000)",numeric,AFR,Africa,Country,UGA,Uganda,Year,2024,TRUE,,,,,,,,,,,,,2.06,,,,,,2.06,,"NHWA data portal, December 2025 update; https://apps.who.int/nhwaportal/",EN,2026-01-23T00:00:00.000Z
HWF_0001,"Medical doctors (per 10,000)",numeric,AFR,Africa,Country,BEN,Benin,Year,2024,TRUE,,,,,,,,,,,,,2.14,,,,,,2.14,,"NHWA data portal, December 2025 update; https://apps.who.int/nhwaportal/",EN,2026-01-23T00:00:00.000Z
HWF_0001,"Medical doctors (per 10,000)",numeric,AFR,Africa,Country,GNB,Guinea-Bissau,Year,2024,TRUE,,,,,,,,,,,,,2.49,,,,,,2.49,,"NHWA data portal, December 2025 update; https://apps.who.int/nhwaportal/",EN,2026-01-23T00:00:00.000Z
HWF_0001,"Medical doctors (per 10,000)",numeric,AFR,Africa,Country,CIV,Cote d'Ivoire,Year,2024,TRUE,,,,,,,,,,,,,2.55,,,,,,2.55,,"NHWA data portal, December 2025 update; https://apps.who.int/nhwaportal/",EN,2026-01-23T00:00:00.000Z
HWF_0001,"Medical doctors (per 10,000)",numeric,AFR,Africa,Country,KEN,Kenya,Year,2024,TRUE,,,,,,,,,,,,,2.6,,,,,,2.6,,"NHWA data portal, December 2025 update; https://apps.who.int/nhwaportal/",EN,2026-01-23T00:00:00.000Z
HWF_0001,"Medical doctors (per 10,000)",numeric,WPR,Western Pacific,Country,SLB,Solomon Islands,Year,2024,TRUE,,,,,,,,,,,,,2.87,,,,,,2.87,,"NHWA data portal, December 2025 update; https://apps.who.int/nhwaportal/",EN,2026-01-23T00:00:00.000Z
HWF_0001,"Medical doctors (per 10,000)",numeric,AFR,Africa,Country,GHA,Ghana,Year,2024,TRUE,,,,,,,,,,,,,2.89,,,,,,2.89,,"NHWA data portal, December 2025 update; https://apps.who.int/nhwaportal/",EN,2026-01-23T00:00:00.000Z
HWF_0001,"Medical doctors (per 10,000)",numeric,AMR,Americas,Country,DOM,Dominican Republic,Year,2024,TRUE,,,,,,,,,,,,,21.22,,,,,,21.22,,"NHWA data portal, December 2025 update; https://apps.who.int/nhwaportal/",EN,2026-01-23T00:00:00.000Z
HWF_0001,"Medical doctors (per 10,000)",numeric,EMR,Eastern Mediterranean,Country,OMN,Oman,Year,2024,TRUE,,,,,,,,,,,,,21.37,,,,,,21.37,,"NHWA data portal, December 2025 update; https://apps.who.int/nhwaportal/",EN,2026-01-23T00:00:00.000Z
HWF_0001,"Medical doctors (per 10,000)",numeric,WPR,Western Pacific,Country,BRN,Brunei Darussalam,Year,2024,TRUE,,,,,,,,,,,,,21.79,,,,,,21.79,,"NHWA data portal, December 2025 update; https://apps.who.int/nhwaportal/",EN,2026-01-23T00:00:00.000Z
HWF_0001,"Medical doctors (per 10,000)",numeric,WPR,Western Pacific,Country,NIU,Niue,Year,2024,TRUE,,,,,,,,,,,,,22.22,,,,,,22.22,,"NHWA data portal, December 2025 update; https://apps.who.int/nhwaportal/",EN,2026-01-23T00:00:00.000Z
HWF_0001,"Medical doctors (per 10,000)",numeric,WPR,Western Pacific,Country,MYS,Malaysia,Year,2024,TRUE,,,,,,,,,,,,,22.72,,,,,,22.72,,"NHWA data portal, December 2025 update; https://apps.who.int/nhwaportal/",EN,2026-01-23T00:00:00.000Z
HWF_0001,"Medical doctors (per 10,000)",numeric,AMR,Americas,Country,BRA,Brazil,Year,2024,TRUE,,,,,,,,,,,,,24.99,,,,,,24.99,,"NHWA data portal, December 2025 update; https://apps.who.int/nhwaportal/",EN,2026-01-23T00:00:00.000Z
HWF_0001,"Medical doctors (per 10,000)",numeric,EUR,Europe,Country,MNE,Montenegro,Year,2024,TRUE,,,,,,,,,,,,,27.85,,,,,,27.85,,"NHWA data portal, December 2025 update; https://apps.who.int/nhwaportal/",EN,2026-01-23T00:00:00.000Z
HWF_0001,"Medical doctors (per 10,000)",numeric,AMR,Americas,Country,CAN,Canada,Year,2024,TRUE,,,,,,,,,,,,,28.54,,,,,,28.54,,"NHWA data portal, December 2025 update; https://apps.who.int/nhwaportal/",EN,2026-01-23T00:00:00.000Z
HWF_0001,"Medical doctors (per 10,000)",numeric,AFR,Africa,Country,MLI,Mali,Year,2024,TRUE,,,,,,,,,,,,,3.17,,,,,,3.17,,"NHWA data portal, December 2025 update; https://apps.who.int/nhwaportal/",EN,2026-01-23T00:00:00.000Z
HWF_0001,"Medical doctors (per 10,000)",numeric,WPR,Western Pacific,Country,LAO,Lao People's Democratic Republic,Year,2024,TRUE,,,,,,,,,,,,,3.77,,,,,,3.77,,"NHWA data portal, December 2025 update; https://apps.who.int/nhwaportal/",EN,2026-01-23T00:00:00.000Z
HWF_0001,"Medical doctors (per 10,000)",numeric,EUR,Europe,Country,KAZ,Kazakhstan,Year,2024,TRUE,,,,,,,,,,,,,30.59,,,,,,30.59,,"NHWA data portal, December 2025 update; https://apps.who.int/nhwaportal/",EN,2026-01-23T00:00:00.000Z
HWF_0001,"Medical doctors (per 10,000)",numeric,SEAR,South-East Asia,Country,PRK,Democratic People's Republic of Korea,Year,2024,TRUE,,,,,,,,,,,,,30.99,,,,,,30.99,,"NHWA data portal, December 2025 update; https://apps.who.int/nhwaportal/",EN,2026-01-23T00:00:00.000Z
HWF_0001,"Medical doctors (per 10,000)",numeric,EMR,Eastern Mediterranean,Country,QAT,Qatar,Year,2024,TRUE,,,,,,,,,,,,,31.36,,,,,,31.36,,"NHWA data portal, December 2025 update; https://apps.who.int/nhwaportal/",EN,2026-01-23T00:00:00.000Z
HWF_0001,"Medical doctors (per 10,000)",numeric,EMR,Eastern Mediterranean,Country,JOR,Jordan,Year,2024,TRUE,,,,,,,,,,,,,32.62,,,,,,32.62,,"NHWA data portal, December 2025 update; https://apps.who.int/nhwaportal/",EN,2026-01-23T00:00:00.000Z
HWF_0001,"Medical doctors (per 10,000)",numeric,AMR,Americas,Country,CHL,Chile,Year,2024,TRUE,,,,,,,,,,,,,34.9,,,,,,34.9,,"NHWA data portal, December 2025 update; https://apps.who.int/nhwaportal/",EN,2026-01-23T00:00:00.000Z
HWF_0001,"Medical doctors (per 10,000)",numeric,WPR,Western Pacific,Country,NZL,New Zealand,Year,2024,TRUE,,,,,,,,,,,,,37.72,,,,,,37.72,,"NHWA data portal, December 2025 update; https://apps.who.int/nhwaportal/",EN,2026-01-23T00:00:00.000Z
HWF_0001,"Medical doctors (per 10,000)",numeric,EUR,Europe,Country,ISR,Israel,Year,2024,TRUE,,,,,,,,,,,,,39.22,,,,,,39.22,,"NHWA data portal, December 2025 update; https://apps.who.int/nhwaportal/",EN,2026-01-23T00:00:00.000Z
HWF_0001,"Medical doctors (per 10,000)",numeric,EUR,Europe,Country,IRL,Ireland,Year,2024,TRUE,,,,,,,,,,,,,39.89,,,,,,39.89,,"NHWA data portal, December 2025 update; https://apps.who.int/nhwaportal/",EN,2026-01-23T00:00:00.000Z
HWF_0001,"Medical doctors (per 10,000)",numeric,AFR,Africa,Country,NGA,Nigeria,Year,2024,TRUE,,,,,,,,,,,,,4.14,,,,,,4.14,,"NHWA data portal, December 2025 update; https://apps.who.int/nhwaportal/",EN,2026-01-23T00:00:00.000Z
HWF_0001,"Medical doctors (per 10,000)",numeric,AFR,Africa,Country,BWA,Botswana,Year,2024,TRUE,,,,,,,,,,,,,4.28,,,,,,4.28,,"NHWA data portal, December 2025 update; https://apps.who.int/nhwaportal/",EN,2026-01-23T00:00:00.000Z
HWF_0001,"Medical doctors (per 10,000)",numeric,AFR,Africa,Country,COG,Congo,Year,2024,TRUE,,,,,,,,,,,,,4.98,,,,,,4.98,,"NHWA data portal, December 2025 update; https://apps.who.int/nhwaportal/",EN,2026-01-23T00:00:00.000Z
HWF_0001,"Medical doctors (per 10,000)",numeric,AMR,Americas,Country,ATG,Antigua and Barbuda,Year,2024,TRUE,,,,,,,,,,,,,43.18,,,,,,43.18,,"NHWA data portal, December 2025 update; https://apps.who.int/nhwaportal/",EN,2026-01-23T00:00:00.000Z
HWF_0001,"Medical doctors (per 10,000)",numeric,EUR,Europe,Country,SMR,San Marino,Year,2024,TRUE,,,,,,,,,,,,,44.05,,,,,,44.05,,"NHWA data portal, December 2025 update; https://apps.who.int/nhwaportal/",EN,2026-01-23T00:00:00.000Z
HWF_0001,"Medical doctors (per 10,000)",numeric,EUR,Europe,Country,ISL,Iceland,Year,2024,TRUE,,,,,,,,,,,,,45.78,,,,,,45.78,,"NHWA data portal, December 2025 update; https://apps.who.int/nhwaportal/",EN,2026-01-23T00:00:00.000Z
HWF_0001,"Medical doctors (per 10,000)",numeric,WPR,Western Pacific,Country,MNG,Mongolia,Year,2024,TRUE,,,,,,,,,,,,,45.96,,,,,,45.96,,"NHWA data portal, December 2025 update; https://apps.who.int/nhwaportal/",EN,2026-01-23T00:00:00.000Z
HWF_0001,"Medical doctors (per 10,000)",numeric,EUR,Europe,Country,BLR,Belarus,Year,2024,TRUE,,,,,,,,,,,,,47.96,,,,,,47.96,,"NHWA data portal, December 2025 update; https://apps.who.int/nhwaportal/",EN,2026-01-23T00:00:00.000Z
HWF_0001,"Medical doctors (per 10,000)",numeric,AFR,Africa,Country,NAM,Namibia,Year,2024,TRUE,,,,,,,,,,,,,5.58,,,,,,5.58,,"NHWA data portal, December 2025 update; https://apps.who.int/nhwaportal/",EN,2026-01-23T00:00:00.000Z
HWF_0001,"Medical doctors (per 10,000)",numeric,WPR,Western Pacific,Country,IDN,Indonesia,Year,2024,TRUE,,,,,,,,,,,,,5.59,,,,,,5.59,,"NHWA data portal, December 2025 update; https://apps.who.int/nhwaportal/",EN,2026-01-23T00:00:00.000Z
HWF_0001,"Medical doctors (per 10,000)",numeric,EUR,Europe,Country,AND,Andorra,Year,2024,TRUE,,,,,,,,,,,,,51.16,,,,,,51.16,,"NHWA data portal, December 2025 update; https://apps.who.int/nhwaportal/",EN,2026-01-23T00:00:00.000Z
HWF_0001,"Medical doctors (per 10,000)",numeric,EUR,Europe,Country,AUT,Austria,Year,2024,TRUE,,,,,,,,,,,,,56.7,,,,,,56.7,,"NHWA data portal, December 2025 update; https://apps.who.int/nhwaportal/",EN,2026-01-23T00:00:00.000Z
HWF_0001,"Medical doctors (per 10,000)",numeric,AFR,Africa,Country,ZAF,South Africa,Year,2024,TRUE,,,,,,,,,,,,,7.66,,,,,,7.66,,"NHWA data portal, December 2025 update; https://apps.who.int/nhwaportal/",EN,2026-01-23T00:00:00.000Z
HWF_0001,"Medical doctors (per 10,000)",numeric,WPR,Western Pacific,Country,PHL,Philippines,Year,2024,TRUE,,,,,,,,,,,,,8.69,,,,,,8.69,,"NHWA data portal, December 2025 update; https://apps.who.int/nhwaportal/",EN,2026-01-23T00:00:00.000Z
HWF_0001,"Medical doctors (per 10,000)",numeric,SEAR,South-East Asia,Country,IND,India,Year,2024,TRUE,,,,,,,,,,,,,9.55,,,,,,9.55,,"NHWA data portal, December 2025 update; https://apps.who.int/nhwaportal/",EN,2026-01-23T00:00:00.000Z
HWF_0001,"Medical doctors (per 10,000)",numeric,AFR,Africa,Country,NER,Niger,Year,2023,TRUE,,,,,,,,,,,,,0.38,,,,,,0.38,,"NHWA data portal, December 2025 update; https://apps.who.int/nhwaportal/",EN,2026-01-23T00:00:00.000Z
HWF_0001,"Medical doctors (per 10,000)",numeric,AFR,Africa,Country,ERI,Eritrea,Year,2023,TRUE,,,,,,,,,,,,,0.89,,,,,,0.89,,"NHWA data portal, December 2025 update; https://apps.who.int/nhwaportal/",EN,2026-01-23T00:00:00.000Z
HWF_0001,"Medical doctors (per 10,000)",numeric,AFR,Africa,Country,GMB,Gambia,Year,2023,TRUE,,,,,,,,,,,,,0.9,,,,,,0.9,,"NHWA data portal, December 2025 update; https://apps.who.int/nhwaportal/",EN,2026-01-23T00:00:00.000Z
HWF_0001,"Medical doctors (per 10,000)",numeric,EMR,Eastern Mediterranean,Country,IRQ,Iraq,Year,2023,TRUE,,,,,,,,,,,,,10.64,,,,,,10.64,,"NHWA data portal, December 2025 update; https://apps.who.int/nhwaportal/",EN,2026-01-23T00:00:00.000Z
HWF_0001,"Medical doctors (per 10,000)",numeric,SEAR,South-East Asia,Country,LKA,Sri Lanka,Year,2023,TRUE,,,,,,,,,,,,,11.36,,,,,,11.36,,"NHWA data portal, December 2025 update; https://apps.who.int/nhwaportal/",EN,2026-01-23T00:00:00.000Z
HWF_0001,"Medical doctors (per 10,000)",numeric,EMR,Eastern Mediterranean,Country,TUN,Tunisia,Year,2023,TRUE,,,,,,,,,,,,,12.38,,,,,,12.38,,"NHWA data portal, December 2025 update; https://apps.who.int/nhwaportal/",EN,2026-01-23T00:00:00.000Z
HWF_0001,"Medical doctors (per 10,000)",numeric,AMR,Americas,Country,GUY,Guyana,Year,2023,TRUE,,,,,,,,,,,,,12.49,,,,,,12.49,,"NHWA data portal, December 2025 update; https://apps.who.int/nhwaportal/",EN,2026-01-23T00:00:00.000Z
HWF_0001,"Medical doctors (per 10,000)",numeric,AMR,Americas,Country,SLV,El Salvador,Year,2023,TRUE,,,,,,,,,,,,,16.16,,,,,,16.16,,"NHWA data portal, December 2025 update; https://apps.who.int/nhwaportal/",EN,2026-01-23T00:00:00.000Z
HWF_0001,"Medical doctors (per 10,000)",numeric,AMR,Americas,Country,PER,Peru,Year,2023,TRUE,,,,,,,,,,,,,16.88,,,,,,16.88,,"NHWA data portal, December 2025 update; https://apps.who.int/nhwaportal/",EN,2026-01-23T00:00:00.000Z
HWF_0001,"Medical doctors (per 10,000)",numeric,WPR,Western Pacific,Country,PLW,Palau,Year,2023,TRUE,,,,,,,,,,,,,18.08,,,,,,18.08,,"NHWA data portal, December 2025 update; https://apps.who.int/nhwaportal/",EN,2026-01-23T00:00:00.000Z
HWF_0001,"Medical doctors (per 10,000)",numeric,EMR,Eastern Mediterranean,Country,IRN,Iran (Islamic Republic of),Year,2023,TRUE,,,,,,,,,,,,,18.11,,,,,,18.11,,"NHWA data portal, December 2025 update; https://apps.who.int/nhwaportal/",EN,2026-01-23T00:00:00.000Z
HWF_0001,"Medical doctors (per 10,000)",numeric,EUR,Europe,Country,TJK,Tajikistan,Year,2023,TRUE,,,,,,,,,,,,,18.7,,,,,,18.7,,"NHWA data portal, December 2025 update; https://apps.who.int/nhwaportal/",EN,2026-01-23T00:00:00.000Z
HWF_0001,"Medical doctors (per 10,000)",numeric,AMR,Americas,Country,HND,Honduras,Year,2023,TRUE,,,,,,,,,,,,,19.02,,,,,,19.02,,"NHWA data portal, December 2025 update; https://apps.who.int/nhwaportal/",EN,2026-01-23T00:00:00.000Z
HWF_0001,"Medical doctors (per 10,000)",numeric,EUR,Europe,Country,UZB,Uzbekistan,Year,2023,TRUE,,,,,,,,,,,,,23.23,,,,,,23.23,,"NHWA data portal, December 2025 update; https://apps.who.int/nhwaportal/",EN,2026-01-23T00:00:00.000Z
HWF_0001,"Medical doctors (per 10,000)",numeric,EUR,Europe,Country,TUR,Türkiye,Year,2023,TRUE,,,,,,,,,,,,,23.4,,,,,,23.4,,"NHWA data portal, December 2025 update; https://apps.who.int/nhwaportal/",EN,2026-01-23T00:00:00.000Z
HWF_0001,"Medical doctors (per 10,000)",numeric,AMR,Americas,Country,BRB,Barbados,Year,2023,TRUE,,,,,,,,,,,,,23.98,,,,,,23.98,,"NHWA data portal, December 2025 update; https://apps.who.int/nhwaportal/",EN,2026-01-23T00:00:00.000Z
HWF_0001,"Medical doctors (per 10,000)",numeric,AMR,Americas,Country,COL,Colombia,Year,2023,TRUE,,,,,,,,,,,,,25.37,,,,,,25.37,,"NHWA data portal, December 2025 update; https://apps.who.int/nhwaportal/",EN,2026-01-23T00:00:00.000Z
HWF_0001,"Medical doctors (per 10,000)",numeric,WPR,Western Pacific,Country,KOR,Republic of Korea,Year,2023,TRUE,,,,,,,,,,,,,26.63,,,,,,26.63,,"NHWA data portal, December 2025 update; https://apps.who.int/nhwaportal/",EN,2026-01-23T00:00:00.000Z
HWF_0001,"Medical doctors (per 10,000)",numeric,WPR,Western Pacific,Country,SGP,Singapore,Year,2023,TRUE,,,,,,,,,,,,,26.7,,,,,,26.7,,"NHWA data portal, December 2025 update; https://apps.who.int/nhwaportal/",EN,2026-01-23T00:00:00.000Z
HWF_0001,"Medical doctors (per 10,000)",numeric,AMR,Americas,Country,MEX,Mexico,Year,2023,TRUE,,,,,,,,,,,,,27.52,,,,,,27.52,,"NHWA data portal, December 2025 update; https://apps.who.int/nhwaportal/",EN,2026-01-23T00:00:00.000Z
HWF_0001,"Medical doctors (per 10,000)",numeric,WPR,Western Pacific,Country,CHN,China,Year,2023,TRUE,,,,,,,,,,,,,28.19,,,,,,28.19,,"NHWA data portal, December 2025 update; https://apps.who.int/nhwaportal/",EN,2026-01-23T00:00:00.000Z
HWF_0001,"Medical doctors (per 10,000)",numeric,EUR,Europe,Country,FIN,Finland,Year,2023,TRUE,,,,,,,,,,,,,28.75,,,,,,28.75,,"NHWA data portal, December 2025 update; https://apps.who.int/nhwaportal/",EN,2026-01-23T00:00:00.000Z
HWF_0001,"Medical doctors (per 10,000)",numeric,EMR,Eastern Mediterranean,Country,ARE,United Arab Emirates,Year,2023,TRUE,,,,,,,,,,,,,29.92,,,,,,29.92,,"NHWA data portal, December 2025 update; https://apps.who.int/nhwaportal/",EN,2026-01-23T00:00:00.000Z
HWF_0001,"Medical doctors (per 10,000)",numeric,EMR,Eastern Mediterranean,Country,AFG,Afghanistan,Year,2023,TRUE,,,,,,,,,,,,,3.17,,,,,,3.17,,"NHWA data portal, December 2025 update; https://apps.who.int/nhwaportal/",EN,2026-01-23T00:00:00.000Z
HWF_0001,"Medical doctors (per 10,000)",numeric,AFR,Africa,Country,MUS,Mauritius,Year,2023,TRUE,,,,,,,,,,,,,30.15,,,,,,30.15,,"NHWA data portal, December 2025 update; https://apps.who.int/nhwaportal/",EN,2026-01-23T00:00:00.000Z
HWF_0001,"Medical doctors (per 10,000)",numeric,EUR,Europe,Country,SRB,Serbia,Year,2023,TRUE,,,,,,,,,,,,,32.15,,,,,,32.15,,"NHWA data portal, December 2025 update; https://apps.who.int/nhwaportal/",EN,2026-01-23T00:00:00.000Z
HWF_0001,"Medical doctors (per 10,000)",numeric,EUR,Europe,Country,LVA,Latvia,Year,2023,TRUE,,,,,,,,,,,,,33.52,,,,,,33.52,,"NHWA data portal, December 2025 update; https://apps.who.int/nhwaportal/",EN,2026-01-23T00:00:00.000Z
HWF_0001,"Medical doctors (per 10,000)",numeric,EUR,Europe,Country,GBR,United Kingdom of Great Britain and Northern Ireland,Year,2023,TRUE,,,,,,,,,,,,,33.54,,,,,,33.54,,"NHWA data portal, December 2025 update; https://apps.who.int/nhwaportal/",EN,2026-01-23T00:00:00.000Z
HWF_0001,"Medical doctors (per 10,000)",numeric,EUR,Europe,Country,BEL,Belgium,Year,2023,TRUE,,,,,,,,,,,,,33.91,,,,,,33.91,,"NHWA data portal, December 2025 update; https://apps.who.int/nhwaportal/",EN,2026-01-23T00:00:00.000Z
HWF_0001,"Medical doctors (per 10,000)",numeric,EMR,Eastern Mediterranean,Country,SAU,Saudi Arabia,Year,2023,TRUE,,,,,,,,,,,,,34.06,,,,,,34.06,,"NHWA data portal, December 2025 update; https://apps.who.int/nhwaportal/",EN,2026-01-23T00:00:00.000Z
HWF_0001,"Medical doctors (per 10,000)",numeric,EUR,Europe,Country,EST,Estonia,Year,2023,TRUE,,,,,,,,,,,,,34.9,,,,,,34.9,,"NHWA data portal, December 2025 update; https://apps.who.int/nhwaportal/",EN,2026-01-23T00:00:00.000Z
HWF_0001,"Medical doctors (per 10,000)",numeric,EUR,Europe,Country,SVN,Slovenia,Year,2023,TRUE,,,,,,,,,,,,,35.07,,,,,,35.07,,"NHWA data portal, December 2025 update; https://apps.who.int/nhwaportal/",EN,2026-01-23T00:00:00.000Z
HWF_0001,"Medical doctors (per 10,000)",numeric,EUR,Europe,Country,UKR,Ukraine,Year,2023,TRUE,,,,,,,,,,,,,35.31,,,,,,35.31,,"NHWA data portal, December 2025 update; https://apps.who.int/nhwaportal/",EN,2026-01-23T00:00:00.000Z
HWF_0001,"Medical doctors (per 10,000)",numeric,EUR,Europe,Country,HUN,Hungary,Year,2023,TRUE,,,,,,,,,,,,,35.87,,,,,,35.87,,"NHWA data portal, December 2025 update; https://apps.who.int/nhwaportal/",EN,2026-01-23T00:00:00.000Z
HWF_0001,"Medical doctors (per 10,000)",numeric,EUR,Europe,Country,POL,Poland,Year,2023,TRUE,,,,,,,,,,,,,36.49,,,,,,36.49,,"NHWA data portal, December 2025 update; https://apps.who.int/nhwaportal/",EN,2026-01-23T00:00:00.000Z
HWF_0001,"Medical doctors (per 10,000)",numeric,EUR,Europe,Country,ROU,Romania,Year,2023,TRUE,,,,,,,,,,,,,37.12,,,,,,37.12,,"NHWA data portal, December 2025 update; https://apps.who.int/nhwaportal/",EN,2026-01-23T00:00:00.000Z
HWF_0001,"Medical doctors (per 10,000)",numeric,EUR,Europe,Country,SVK,Slovakia,Year,2023,TRUE,,,,,,,,,,,,,37.61,,,,,,37.61,,"NHWA data portal, December 2025 update; https://apps.who.int/nhwaportal/",EN,2026-01-23T00:00:00.000Z
HWF_0001,"Medical doctors (per 10,000)",numeric,EUR,Europe,Country,CYP,Cyprus,Year,2023,TRUE,,,,,,,,,,,,,38.06,,,,,,38.06,,"NHWA data portal, December 2025 update; https://apps.who.int/nhwaportal/",EN,2026-01-23T00:00:00.000Z
HWF_0001,"Medical doctors (per 10,000)",numeric,EUR,Europe,Country,NLD,Netherlands (Kingdom of the),Year,2023,TRUE,,,,,,,,,,,,,38.68,,,,,,38.68,,"NHWA data portal, December 2025 update; https://apps.who.int/nhwaportal/",EN,2026-01-23T00:00:00.000Z
HWF_0001,"Medical doctors (per 10,000)",numeric,EUR,Europe,Country,MDA,Republic of Moldova,Year,2023,TRUE,,,,,,,,,,,,,39.25,,,,,,39.25,,"NHWA data portal, December 2025 update; https://apps.who.int/nhwaportal/",EN,2026-01-23T00:00:00.000Z
HWF_0001,"Medical doctors (per 10,000)",numeric,EUR,Europe,Country,HRV,Croatia,Year,2023,TRUE,,,,,,,,,,,,,39.73,,,,,,39.73,,"NHWA data portal, December 2025 update; https://apps.who.int/nhwaportal/",EN,2026-01-23T00:00:00.000Z
HWF_0001,"Medical doctors (per 10,000)",numeric,WPR,Western Pacific,Country,KIR,Kiribati,Year,2023,TRUE,,,,,,,,,,,,,4.68,,,,,,4.68,,"NHWA data portal, December 2025 update; https://apps.who.int/nhwaportal/",EN,2026-01-23T00:00:00.000Z
HWF_0001,"Medical doctors (per 10,000)",numeric,EUR,Europe,Country,FRA,France,Year,2023,TRUE,,,,,,,,,,,,,40.09,,,,,,40.09,,"NHWA data portal, December 2025 update; https://apps.who.int/nhwaportal/",EN,2026-01-23T00:00:00.000Z
HWF_0001,"Medical doctors (per 10,000)",numeric,WPR,Western Pacific,Country,AUS,Australia,Year,2023,TRUE,,,,,,,,,,,,,42.28,,,,,,42.28,,"NHWA data portal, December 2025 update; https://apps.who.int/nhwaportal/",EN,2026-01-23T00:00:00.000Z
HWF_0001,"Medical doctors (per 10,000)",numeric,EUR,Europe,Country,CZE,Czechia,Year,2023,TRUE,,,,,,,,,,,,,42.39,,,,,,42.39,,"NHWA data portal, December 2025 update; https://apps.who.int/nhwaportal/",EN,2026-01-23T00:00:00.000Z
HWF_0001,"Medical doctors (per 10,000)",numeric,EUR,Europe,Country,BGR,Bulgaria,Year,2023,TRUE,,,,,,,,,,,,,43.92,,,,,,43.92,,"NHWA data portal, December 2025 update; https://apps.who.int/nhwaportal/",EN,2026-01-23T00:00:00.000Z
HWF_0001,"Medical doctors (per 10,000)",numeric,EUR,Europe,Country,ESP,Spain,Year,2023,TRUE,,,,,,,,,,,,,44.29,,,,,,44.29,,"NHWA data portal, December 2025 update; https://apps.who.int/nhwaportal/",EN,2026-01-23T00:00:00.000Z
HWF_0001,"Medical doctors (per 10,000)",numeric,EUR,Europe,Country,DNK,Denmark,Year,2023,TRUE,,,,,,,,,,,,,45.3,,,,,,45.3,,"NHWA data portal, December 2025 update; https://apps.who.int/nhwaportal/",EN,2026-01-23T00:00:00.000Z
HWF_0001,"Medical doctors (per 10,000)",numeric,AMR,Americas,Country,URY,Uruguay,Year,2023,TRUE,,,,,,,,,,,,,45.51,,,,,,45.51,,"NHWA data portal, December 2025 update; https://apps.who.int/nhwaportal/",EN,2026-01-23T00:00:00.000Z
HWF_0001,"Medical doctors (per 10,000)",numeric,EUR,Europe,Country,CHE,Switzerland,Year,2023,TRUE,,,,,,,,,,,,,45.59,,,,,,45.59,,"NHWA data portal, December 2025 update; https://apps.who.int/nhwaportal/",EN,2026-01-23T00:00:00.000Z
HWF_0001,"Medical doctors (per 10,000)",numeric,EUR,Europe,Country,DEU,Germany,Year,2023,TRUE,,,,,,,,,,,,,45.93,,,,,,45.93,,"NHWA data portal, December 2025 update; https://apps.who.int/nhwaportal/",EN,2026-01-23T00:00:00.000Z
HWF_0001,"Medical doctors (per 10,000)",numeric,EUR,Europe,Country,LTU,Lithuania,Year,2023,TRUE,,,,,,,,,,,,,46.45,,,,,,46.45,,"NHWA data portal, December 2025 update; https://apps.who.int/nhwaportal/",EN,2026-01-23T00:00:00.000Z
HWF_0001,"Medical doctors (per 10,000)",numeric,EUR,Europe,Country,MLT,Malta,Year,2023,TRUE,,,,,,,,,,,,,47.19,,,,,,47.19,,"NHWA data portal, December 2025 update; https://apps.who.int/nhwaportal/",EN,2026-01-23T00:00:00.000Z
HWF_0001,"Medical doctors (per 10,000)",numeric,EUR,Europe,Country,NOR,Norway,Year,2023,TRUE,,,,,,,,,,,,,49.75,,,,,,49.75,,"NHWA data portal, December 2025 update; https://apps.who.int/nhwaportal/",EN,2026-01-23T00:00:00.000Z
HWF_0001,"Medical doctors (per 10,000)",numeric,AFR,Africa,Country,SWZ,Eswatini,Year,2023,TRUE,,,,,,,,,,,,,5.57,,,,,,5.57,,"NHWA data portal, December 2025 update; https://apps.who.int/nhwaportal/",EN,2026-01-23T00:00:00.000Z
HWF_0001,"Medical doctors (per 10,000)",numeric,SEAR,South-East Asia,Country,THA,Thailand,Year,2023,TRUE,,,,,,,,,,,,,5.91,,,,,,5.91,,"NHWA data portal, December 2025 update; https://apps.who.int/nhwaportal/",EN,2026-01-23T00:00:00.000Z
HWF_0001,"Medical doctors (per 10,000)",numeric,AMR,Americas,Country,ARG,Argentina,Year,2023,TRUE,,,,,,,,,,,,,50.88,,,,,,50.88,,"NHWA data portal, December 2025 update; https://apps.who.int/nhwaportal/",EN,2026-01-23T00:00:00.000Z
HWF_0001,"Medical doctors (per 10,000)",numeric,EUR,Europe,Country,ITA,Italy,Year,2023,TRUE,,,,,,,,,,,,,53.06,,,,,,53.06,,"NHWA data portal, December 2025 update; https://apps.who.int/nhwaportal/",EN,2026-01-23T00:00:00.000Z
HWF_0001,"Medical doctors (per 10,000)",numeric,EUR,Europe,Country,GEO,Georgia,Year,2023,TRUE,,,,,,,,,,,,,56.42,,,,,,56.42,,"NHWA data portal, December 2025 update; https://apps.who.int/nhwaportal/",EN,2026-01-23T00:00:00.000Z
HWF_0001,"Medical doctors (per 10,000)",numeric,EUR,Europe,Country,PRT,Portugal,Year,2023,TRUE,,,,,,,,,,,,,60.22,,,,,,60.22,,"NHWA data portal, December 2025 update; https://apps.who.int/nhwaportal/",EN,2026-01-23T00:00:00.000Z
HWF_0001,"Medical doctors (per 10,000)",numeric,EUR,Europe,Country,GRC,Greece,Year,2023,TRUE,,,,,,,,,,,,,67.12,,,,,,67.12,,"NHWA data portal, December 2025 update; https://apps.who.int/nhwaportal/",EN,2026-01-23T00:00:00.000Z
HWF_0001,"Medical doctors (per 10,000)",numeric,SEAR,South-East Asia,Country,BGD,Bangladesh,Year,2023,TRUE,,,,,,,,,,,,,7.22,,,,,,7.22,,"NHWA data portal, December 2025 update; https://apps.who.int/nhwaportal/",EN,2026-01-23T00:00:00.000Z
HWF_0001,"Medical doctors (per 10,000)",numeric,AFR,Africa,Country,CPV,Cabo Verde,Year,2023,TRUE,,,,,,,,,,,,,7.3,,,,,,7.3,,"NHWA data portal, December 2025 update; https://apps.who.int/nhwaportal/",EN,2026-01-23T00:00:00.000Z
HWF_0001,"Medical doctors (per 10,000)",numeric,WPR,Western Pacific,Country,FJI,Fiji,Year,2023,TRUE,,,,,,,,,,,,,7.54,,,,,,7.54,,"NHWA data portal, December 2025 update; https://apps.who.int/nhwaportal/",EN,2026-01-23T00:00:00.000Z
HWF_0001,"Medical doctors (per 10,000)",numeric,SEAR,South-East Asia,Country,TLS,Timor-Leste,Year,2023,TRUE,,,,,,,,,,,,,7.68,,,,,,7.68,,"NHWA data portal, December 2025 update; https://apps.who.int/nhwaportal/",EN,2026-01-23T00:00:00.000Z
HWF_0001,"Medical doctors (per 10,000)",numeric,EMR,Eastern Mediterranean,Country,MAR,Morocco,Year,2023,TRUE,,,,,,,,,,,,,7.93,,,,,,7.93,,"NHWA data portal, December 2025 update; https://apps.who.int/nhwaportal/",EN,2026-01-23T00:00:00.000Z
HWF_0001,"Medical doctors (per 10,000)",numeric,AFR,Africa,Country,SLE,Sierra Leone,Year,2022,TRUE,,,,,,,,,,,,,1.34,,,,,,1.34,,"NHWA data portal, December 2025 update; https://apps.who.int/nhwaportal/",EN,2026-01-23T00:00:00.000Z
HWF_0001,"Medical doctors (per 10,000)",numeric,AFR,Africa,Country,GNQ,Equatorial Guinea,Year,2022,TRUE,,,,,,,,,,,,,1.53,,,,,,1.53,,"NHWA data portal, December 2025 update; https://apps.who.int/nhwaportal/",EN,2026-01-23T00:00:00.000Z
HWF_0001,"Medical doctors (per 10,000)",numeric,EMR,Eastern Mediterranean,Country,YEM,Yemen,Year,2022,TRUE,,,,,,,,,,,,,1.65,,,,,,1.65,,"NHWA data portal, December 2025 update; https://apps.who.int/nhwaportal/",EN,2026-01-23T00:00:00.000Z
HWF_0001,"Medical doctors (per 10,000)",numeric,AFR,Africa,Country,LBR,Liberia,Year,2022,TRUE,,,,,,,,,,,,,1.78,,,,,,1.78,,"NHWA data portal, December 2025 update; https://apps.who.int/nhwaportal/",EN,2026-01-23T00:00:00.000Z
HWF_0001,"Medical doctors (per 10,000)",numeric,AMR,Americas,Country,PAN,Panama,Year,2022,TRUE,,,,,,,,,,,,,16.25,,,,,,16.25,,"NHWA data portal, December 2025 update; https://apps.who.int/nhwaportal/",EN,2026-01-23T00:00:00.000Z
HWF_0001,"Medical doctors (per 10,000)",numeric,EMR,Eastern Mediterranean,Country,SYR,Syrian Arab Republic,Year,2022,TRUE,,,,,,,,,,,,,16.27,,,,,,16.27,,"NHWA data portal, December 2025 update; https://apps.who.int/nhwaportal/",EN,2026-01-23T00:00:00.000Z
HWF_0001,"Medical doctors (per 10,000)",numeric,AFR,Africa,Country,DZA,Algeria,Year,2022,TRUE,,,,,,,,,,,,,16.6,,,,,,16.6,,"NHWA data portal, December 2025 update; https://apps.who.int/nhwaportal/",EN,2026-01-23T00:00:00.000Z
HWF_0001,"Medical doctors (per 10,000)",numeric,AFR,Africa,Country,COD,Democratic Republic of the Congo,Year,2022,TRUE,,,,,,,,,,,,,2.08,,,,,,2.08,,"NHWA data portal, December 2025 update; https://apps.who.int/nhwaportal/",EN,2026-01-23T00:00:00.000Z
HWF_0001,"Medical doctors (per 10,000)",numeric,EMR,Eastern Mediterranean,Country,DJI,Djibouti,Year,2022,TRUE,,,,,,,,,,,,,2.11,,,,,,2.11,,"NHWA data portal, December 2025 update; https://apps.who.int/nhwaportal/",EN,2026-01-23T00:00:00.000Z
HWF_0001,"Medical doctors (per 10,000)",numeric,AFR,Africa,Country,MRT,Mauritania,Year,2022,TRUE,,,,,,,,,,,,,2.61,,,,,,2.61,,"NHWA data portal, December 2025 update; https://apps.who.int/nhwaportal/",EN,2026-01-23T00:00:00.000Z
HWF_0001,"Medical doctors (per 10,000)",numeric,AMR,Americas,Country,HTI,Haiti,Year,2022,TRUE,,,,,,,,,,,,,2.92,,,,,,2.92,,"NHWA data portal, December 2025 update; https://apps.who.int/nhwaportal/",EN,2026-01-23T00:00:00.000Z
HWF_0001,"Medical doctors (per 10,000)",numeric,WPR,Western Pacific,Country,JPN,Japan,Year,2022,TRUE,,,,,,,,,,,,,26.49,,,,,,26.49,,"NHWA data portal, December 2025 update; https://apps.who.int/nhwaportal/",EN,2026-01-23T00:00:00.000Z
HWF_0001,"Medical doctors (per 10,000)",numeric,AMR,Americas,Country,USA,United States of America,Year,2022,TRUE,,,,,,,,,,,,,26.54,,,,,,26.54,,"NHWA data portal, December 2025 update; https://apps.who.int/nhwaportal/",EN,2026-01-23T00:00:00.000Z
HWF_0001,"Medical doctors (per 10,000)",numeric,AMR,Americas,Country,CRI,Costa Rica,Year,2022,TRUE,,,,,,,,,,,,,26.87,,,,,,26.87,,"NHWA data portal, December 2025 update; https://apps.who.int/nhwaportal/",EN,2026-01-23T00:00:00.000Z
HWF_0001,"Medical doctors (per 10,000)",numeric,EUR,Europe,Country,MKD,North Macedonia,Year,2022,TRUE,,,,,,,,,,,,,29.44,,,,,,29.44,,"NHWA data portal, December 2025 update; https://apps.who.int/nhwaportal/",EN,2026-01-23T00:00:00.000Z
HWF_0001,"Medical doctors (per 10,000)",numeric,EMR,Eastern Mediterranean,Country,KWT,Kuwait,Year,2022,TRUE,,,,,,,,,,,,,29.69,,,,,,29.69,,"NHWA data portal, December 2025 update; https://apps.who.int/nhwaportal/",EN,2026-01-23T00:00:00.000Z
HWF_0001,"Medical doctors (per 10,000)",numeric,EUR,Europe,Country,AZE,Azerbaijan,Year,2022,TRUE,,,,,,,,,,,,,31.85,,,,,,31.85,,"NHWA data portal, December 2025 update; https://apps.who.int/nhwaportal/",EN,2026-01-23T00:00:00.000Z
HWF_0001,"Medical doctors (per 10,000)",numeric,EUR,Europe,Country,ARM,Armenia,Year,2022,TRUE,,,,,,,,,,,,,33.6,,,,,,33.6,,"NHWA data portal, December 2025 update; https://apps.who.int/nhwaportal/",EN,2026-01-23T00:00:00.000Z
HWF_0001,"Medical doctors (per 10,000)",numeric,AMR,Americas,Country,PRY,Paraguay,Year,2022,TRUE,,,,,,,,,,,,,38.93,,,,,,38.93,,"NHWA data portal, December 2025 update; https://apps.who.int/nhwaportal/",EN,2026-01-23T00:00:00.000Z
HWF_0001,"Medical doctors (per 10,000)",numeric,AFR,Africa,Country,COM,Comoros,Year,2022,TRUE,,,,,,,,,,,,,4.24,,,,,,4.24,,"NHWA data portal, December 2025 update; https://apps.who.int/nhwaportal/",EN,2026-01-23T00:00:00.000Z
HWF_0001,"Medical doctors (per 10,000)",numeric,AFR,Africa,Country,STP,Sao Tome and Principe,Year,2022,TRUE,,,,,,,,,,,,,4.64,,,,,,4.64,,"NHWA data portal, December 2025 update; https://apps.who.int/nhwaportal/",EN,2026-01-23T00:00:00.000Z
HWF_0001,"Medical doctors (per 10,000)",numeric,EUR,Europe,Country,SWE,Sweden,Year,2022,TRUE,,,,,,,,,,,,,44.74,,,,,,44.74,,"NHWA data portal, December 2025 update; https://apps.who.int/nhwaportal/",EN,2026-01-23T00:00:00.000Z
HWF_0001,"Medical doctors (per 10,000)",numeric,AFR,Africa,Country,GAB,Gabon,Year,2022,TRUE,,,,,,,,,,,,,5.21,,,,,,5.21,,"NHWA data portal, December 2025 update; https://apps.who.int/nhwaportal/",EN,2026-01-23T00:00:00.000Z
HWF_0001,"Medical doctors (per 10,000)",numeric,SEAR,South-East Asia,Country,BTN,Bhutan,Year,2022,TRUE,,,,,,,,,,,,,5.53,,,,,,5.53,,"NHWA data portal, December 2025 update; https://apps.who.int/nhwaportal/",EN,2026-01-23T00:00:00.000Z
HWF_0001,"Medical doctors (per 10,000)",numeric,EUR,Europe,Country,RUS,Russian Federation,Year,2022,TRUE,,,,,,,,,,,,,51.11,,,,,,51.11,,"NHWA data portal, December 2025 update; https://apps.who.int/nhwaportal/",EN,2026-01-23T00:00:00.000Z
HWF_0001,"Medical doctors (per 10,000)",numeric,AMR,Americas,Country,CUB,Cuba,Year,2022,TRUE,,,,,,,,,,,,,85.05,,,,,,85.05,,"NHWA data portal, December 2025 update; https://apps.who.int/nhwaportal/",EN,2026-01-23T00:00:00.000Z
HWF_0001,"Medical doctors (per 10,000)",numeric,AMR,Americas,Country,NIC,Nicaragua,Year,2022,TRUE,,,,,,,,,,,,,9.08,,,,,,9.08,,"NHWA data portal, December 2025 update; https://apps.who.int/nhwaportal/",EN,2026-01-23T00:00:00.000Z
HWF_0001,"Medical doctors (per 10,000)",numeric,WPR,Western Pacific,Country,TON,Tonga,Year,2021,TRUE,,,,,,,,,,,,,10.14,,,,,,10.14,,"NHWA data portal, December 2025 update; https://apps.who.int/nhwaportal/",EN,2026-01-23T00:00:00.000Z
HWF_0001,"Medical doctors (per 10,000)",numeric,WPR,Western Pacific,Country,VNM,Viet Nam,Year,2021,TRUE,,,,,,,,,,,,,11.07,,,,,,11.07,,"NHWA data portal, December 2025 update; https://apps.who.int/nhwaportal/",EN,2026-01-23T00:00:00.000Z
HWF_0001,"Medical doctors (per 10,000)",numeric,WPR,Western Pacific,Country,MHL,Marshall Islands,Year,2021,TRUE,,,,,,,,,,,,,11.35,,,,,,11.35,,"NHWA data portal, December 2025 update; https://apps.who.int/nhwaportal/",EN,2026-01-23T00:00:00.000Z
HWF_0001,"Medical doctors (per 10,000)",numeric,EMR,Eastern Mediterranean,Country,EGY,Egypt,Year,2021,TRUE,,,,,,,,,,,,,11.8,,,,,,11.8,,"NHWA data portal, December 2025 update; https://apps.who.int/nhwaportal/",EN,2026-01-23T00:00:00.000Z
HWF_0001,"Medical doctors (per 10,000)",numeric,AMR,Americas,Country,BOL,Bolivia (Plurinational State of),Year,2021,TRUE,,,,,,,,,,,,,12.84,,,,,,12.84,,"NHWA data portal, December 2025 update; https://apps.who.int/nhwaportal/",EN,2026-01-23T00:00:00.000Z
HWF_0001,"Medical doctors (per 10,000)",numeric,AMR,Americas,Country,BLZ,Belize,Year,2021,TRUE,,,,,,,,,,,,,13.36,,,,,,13.36,,"NHWA data portal, December 2025 update; https://apps.who.int/nhwaportal/",EN,2026-01-23T00:00:00.000Z
HWF_0001,"Medical doctors (per 10,000)",numeric,SEAR,South-East Asia,Country,MDV,Maldives,Year,2021,TRUE,,,,,,,,,,,,,23,,,,,,23,,"NHWA data portal, December 2025 update; https://apps.who.int/nhwaportal/",EN,2026-01-23T00:00:00.000Z
HWF_0001,"Medical doctors (per 10,000)",numeric,AMR,Americas,Country,TTO,Trinidad and Tobago,Year,2021,TRUE,,,,,,,,,,,,,41.57,,,,,,41.57,,"NHWA data portal, December 2025 update; https://apps.who.int/nhwaportal/",EN,2026-01-23T00:00:00.000Z
HWF_0001,"Medical doctors (per 10,000)",numeric,WPR,Western Pacific,Country,WSM,Samoa,Year,2021,TRUE,,,,,,,,,,,,,5.61,,,,,,5.61,,"NHWA data portal, December 2025 update; https://apps.who.int/nhwaportal/",EN,2026-01-23T00:00:00.000Z
HWF_0001,"Medical doctors (per 10,000)",numeric,EUR,Europe,Country,ALB,Albania,Year,2020,TRUE,,,,,,,,,,,,,18.79,,,,,,18.79,,"NHWA data portal, December 2025 update; https://apps.who.int/nhwaportal/",EN,2026-01-23T00:00:00.000Z
HWF_0001,"Medical doctors (per 10,000)",numeric,AMR,Americas,Country,ECU,Ecuador,Year,2020,TRUE,,,,,,,,,,,,,23.13,,,,,,23.13,,"NHWA data portal, December 2025 update; https://apps.who.int/nhwaportal/",EN,2026-01-23T00:00:00.000Z
HWF_0001,"Medical doctors (per 10,000)",numeric,EMR,Eastern Mediterranean,Country,LBN,Lebanon,Year,2020,TRUE,,,,,,,,,,,,,26.8,,,,,,26.8,,"NHWA data portal, December 2025 update; https://apps.who.int/nhwaportal/",EN,2026-01-23T00:00:00.000Z
HWF_0001,"Medical doctors (per 10,000)",numeric,AMR,Americas,Country,LCA,Saint Lucia,Year,2020,TRUE,,,,,,,,,,,,,42.34,,,,,,42.34,,"NHWA data portal, December 2025 update; https://apps.who.int/nhwaportal/",EN,2026-01-23T00:00:00.000Z
HWF_0001,"Medical doctors (per 10,000)",numeric,EMR,Eastern Mediterranean,Country,BHR,Bahrain,Year,2020,TRUE,,,,,,,,,,,,,7.41,,,,,,7.41,,"NHWA data portal, December 2025 update; https://apps.who.int/nhwaportal/",EN,2026-01-23T00:00:00.000Z
HWF_0001,"Medical doctors (per 10,000)",numeric,EUR,Europe,Country,MCO,Monaco,Year,2020,TRUE,,,,,,,,,,,,,86.09,,,,,,86.09,,"NHWA data portal, December 2025 update; https://apps.who.int/nhwaportal/",EN,2026-01-23T00:00:00.000Z
HWF_0001,"Medical doctors (per 10,000)",numeric,WPR,Western Pacific,Country,FSM,Micronesia (Federated States of),Year,2020,TRUE,,,,,,,,,,,,,9.74,,,,,,9.74,,"NHWA data portal, December 2025 update; https://apps.who.int/nhwaportal/",EN,2026-01-23T00:00:00.000Z
HWF_0001,"Medical doctors (per 10,000)",numeric,WPR,Western Pacific,Country,VUT,Vanuatu,Year,2019,TRUE,,,,,,,,,,,,,1.64,,,,,,1.64,,"NHWA data portal, December 2025 update; https://apps.who.int/nhwaportal/",EN,2026-01-23T00:00:00.000Z
HWF_0001,"Medical doctors (per 10,000)",numeric,WPR,Western Pacific,Country,KHM,Cambodia,Year,2019,TRUE,,,,,,,,,,,,,2.11,,,,,,2.11,,"NHWA data portal, December 2025 update; https://apps.who.int/nhwaportal/",EN,2026-01-23T00:00:00.000Z
HWF_0001,"Medical doctors (per 10,000)",numeric,EUR,Europe,Country,BIH,Bosnia and Herzegovina,Year,2019,TRUE,,,,,,,,,,,,,25.84,,,,,,25.84,,"NHWA data portal, December 2025 update; https://apps.who.int/nhwaportal/",EN,2026-01-23T00:00:00.000Z
HWF_0001,"Medical doctors (per 10,000)",numeric,SEAR,South-East Asia,Country,MMR,Myanmar,Year,2019,TRUE,,,,,,,,,,,,,7.57,,,,,,7.57,,"NHWA data portal, December 2025 update; https://apps.who.int/nhwaportal/",EN,2026-01-23T00:00:00.000Z
HWF_0001,"Medical doctors (per 10,000)",numeric,AMR,Americas,Country,DMA,Dominica,Year,2018,TRUE,,,,,,,,,,,,,11.58,,,,,,11.58,,"NHWA data portal, December 2025 update; https://apps.who.int/nhwaportal/",EN,2026-01-23T00:00:00.000Z
HWF_0001,"Medical doctors (per 10,000)",numeric,AMR,Americas,Country,GRD,Grenada,Year,2018,TRUE,,,,,,,,,,,,,13.83,,,,,,13.83,,"NHWA data portal, December 2025 update; https://apps.who.int/nhwaportal/",EN,2026-01-23T00:00:00.000Z
HWF_0001,"Medical doctors (per 10,000)",numeric,AMR,Americas,Country,KNA,Saint Kitts and Nevis,Year,2018,TRUE,,,,,,,,,,,,,30.85,,,,,,30.85,,"NHWA data portal, December 2025 update; https://apps.who.int/nhwaportal/",EN,2026-01-23T00:00:00.000Z
HWF_0001,"Medical doctors (per 10,000)",numeric,AMR,Americas,Country,VEN,Venezuela (Bolivarian Republic of),Year,2017,TRUE,,,,,,,,,,,,,16.64,,,,,,16.64,,"NHWA data portal, December 2025 update; https://apps.who.int/nhwaportal/",EN,2026-01-23T00:00:00.000Z
HWF_0001,"Medical doctors (per 10,000)",numeric,AMR,Americas,Country,BHS,Bahamas,Year,2017,TRUE,,,,,,,,,,,,,18.95,,,,,,18.95,,"NHWA data portal, December 2025 update; https://apps.who.int/nhwaportal/",EN,2026-01-23T00:00:00.000Z
HWF_0001,"Medical doctors (per 10,000)",numeric,EMR,Eastern Mediterranean,Country,SDN,Sudan,Year,2017,TRUE,,,,,,,,,,,,,2.5,,,,,,2.5,,"NHWA data portal, December 2025 update; https://apps.who.int/nhwaportal/",EN,2026-01-23T00:00:00.000Z
HWF_0001,"Medical doctors (per 10,000)",numeric,EMR,Eastern Mediterranean,Country,LBY,Libya,Year,2017,TRUE,,,,,,,,,,,,,20.42,,,,,,20.42,,"NHWA data portal, December 2025 update; https://apps.who.int/nhwaportal/",EN,2026-01-23T00:00:00.000Z
HWF_0001,"Medical doctors (per 10,000)",numeric,EUR,Europe,Country,LUX,Luxembourg,Year,2017,TRUE,,,,,,,,,,,,,29.84,,,,,,29.84,,"NHWA data portal, December 2025 update; https://apps.who.int/nhwaportal/",EN,2026-01-23T00:00:00.000Z
HWF_0001,"Medical doctors (per 10,000)",numeric,WPR,Western Pacific,Country,NRU,Nauru,Year,2015,TRUE,,,,,,,,,,,,,12.73,,,,,,12.73,,"NHWA data portal, December 2025 update; https://apps.who.int/nhwaportal/",EN,2026-01-23T00:00:00.000Z
HWF_0001,"Medical doctors (per 10,000)",numeric,AFR,Africa,Country,TCD,Chad,Year,2000,FALSE,,,,,,,,,,,,,0.28,,,,,,0.28,,"NHWA data portal, December 2025 update; https://apps.who.int/nhwaportal/",EN,2026-01-23T00:00:00.000Z
HWF_0001,"Medical doctors (per 10,000)",numeric,AFR,Africa,Country,ERI,Eritrea,Year,2000,FALSE,,,,,,,,,,,,,0.45,,,,,,0.45,,"NHWA data portal, December 2025 update; https://apps.who.int/nhwaportal/",EN,2026-01-23T00:00:00.000Z
HWF_0001,"Medical doctors (per 10,000)",numeric,WPR,Western Pacific,Country,PNG,Papua New Guinea,Year,2000,FALSE,,,,,,,,,,,,,0.5,,,,,,0.5,,"NHWA data portal, December 2025 update; https://apps.who.int/nhwaportal/",EN,2026-01-23T00:00:00.000Z
HWF_0001,"Medical doctors (per 10,000)",numeric,AFR,Africa,Country,GIN,Guinea,Year,2000,FALSE,,,,,,,,,,,,,0.91,,,,,,0.91,,"NHWA data portal, December 2025 update; https://apps.who.int/nhwaportal/",EN,2026-01-23T00:00:00.000Z
HWF_0001,"Medical doctors (per 10,000)",numeric,AFR,Africa,Country,ZWE,Zimbabwe,Year,2000,FALSE,,,,,,,,,,,,,1.26,,,,,,1.26,,"NHWA data portal, December 2025 update; https://apps.who.int/nhwaportal/",EN,2026-01-23T00:00:00.000Z
HWF_0001,"Medical doctors (per 10,000)",numeric,WPR,Western Pacific,Country,KHM,Cambodia,Year,2000,FALSE,,,,,,,,,,,,,1.64,,,,,,1.64,,"NHWA data portal, December 2025 update; https://apps.who.int/nhwaportal/",EN,2026-01-23T00:00:00.000Z
HWF_0001,"Medical doctors (per 10,000)",numeric,EMR,Eastern Mediterranean,Country,BHR,Bahrain,Year,2000,FALSE,,,,,,,,,,,,,10.13,,,,,,10.13,,"NHWA data portal, December 2025 update; https://apps.who.int/nhwaportal/",EN,2026-01-23T00:00:00.000Z
HWF_0001,"Medical doctors (per 10,000)",numeric,WPR,Western Pacific,Country,BRN,Brunei Darussalam,Year,2000,FALSE,,,,,,,,,,,,,10.29,,,,,,10.29,,"NHWA data portal, December 2025 update; https://apps.who.int/nhwaportal/",EN,2026-01-23T00:00:00.000Z
HWF_0001,"Medical doctors (per 10,000)",numeric,AMR,Americas,Country,BLZ,Belize,Year,2000,FALSE,,,,,,,,,,,,,10.42,,,,,,10.42,,"NHWA data portal, December 2025 update; https://apps.who.int/nhwaportal/",EN,2026-01-23T00:00:00.000Z
HWF_0001,"Medical doctors (per 10,000)",numeric,WPR,Western Pacific,Country,PHL,Philippines,Year,2000,FALSE,,,,,,,,,,,,,11.94,,,,,,11.94,,"NHWA data portal, December 2025 update; https://apps.who.int/nhwaportal/",EN,2026-01-23T00:00:00.000Z
HWF_0001,"Medical doctors (per 10,000)",numeric,WPR,Western Pacific,Country,CHN,China,Year,2000,FALSE,,,,,,,,,,,,,12.63,,,,,,12.63,,"NHWA data portal, December 2025 update; https://apps.who.int/nhwaportal/",EN,2026-01-23T00:00:00.000Z
HWF_0001,"Medical doctors (per 10,000)",numeric,AMR,Americas,Country,COL,Colombia,Year,2000,FALSE,,,,,,,,,,,,,12.64,,,,,,12.64,,"NHWA data portal, December 2025 update; https://apps.who.int/nhwaportal/",EN,2026-01-23T00:00:00.000Z
HWF_0001,"Medical doctors (per 10,000)",numeric,WPR,Western Pacific,Country,KOR,Republic of Korea,Year,2000,FALSE,,,,,,,,,,,,,13.02,,,,,,13.02,,"NHWA data portal, December 2025 update; https://apps.who.int/nhwaportal/",EN,2026-01-23T00:00:00.000Z
HWF_0001,"Medical doctors (per 10,000)",numeric,EUR,Europe,Country,TUR,Türkiye,Year,2000,FALSE,,,,,,,,,,,,,13.03,,,,,,13.03,,"NHWA data portal, December 2025 update; https://apps.who.int/nhwaportal/",EN,2026-01-23T00:00:00.000Z
HWF_0001,"Medical doctors (per 10,000)",numeric,EUR,Europe,Country,BIH,Bosnia and Herzegovina,Year,2000,FALSE,,,,,,,,,,,,,13.12,,,,,,13.12,,"NHWA data portal, December 2025 update; https://apps.who.int/nhwaportal/",EN,2026-01-23T00:00:00.000Z
HWF_0001,"Medical doctors (per 10,000)",numeric,AMR,Americas,Country,CRI,Costa Rica,Year,2000,FALSE,,,,,,,,,,,,,13.22,,,,,,13.22,,"NHWA data portal, December 2025 update; https://apps.who.int/nhwaportal/",EN,2026-01-23T00:00:00.000Z
HWF_0001,"Medical doctors (per 10,000)",numeric,WPR,Western Pacific,Country,SGP,Singapore,Year,2000,FALSE,,,,,,,,,,,,,13.37,,,,,,13.37,,"NHWA data portal, December 2025 update; https://apps.who.int/nhwaportal/",EN,2026-01-23T00:00:00.000Z
HWF_0001,"Medical doctors (per 10,000)",numeric,EMR,Eastern Mediterranean,Country,SYR,Syrian Arab Republic,Year,2000,FALSE,,,,,,,,,,,,,13.47,,,,,,13.47,,"NHWA data portal, December 2025 update; https://apps.who.int/nhwaportal/",EN,2026-01-23T00:00:00.000Z
HWF_0001,"Medical doctors (per 10,000)",numeric,EUR,Europe,Country,ALB,Albania,Year,2000,FALSE,,,,,,,,,,,,,13.66,,,,,,13.66,,"NHWA data portal, December 2025 update; https://apps.who.int/nhwaportal/",EN,2026-01-23T00:00:00.000Z
HWF_0001,"Medical doctors (per 10,000)",numeric,AMR,Americas,Country,BRB,Barbados,Year,2000,FALSE,,,,,,,,,,,,,13.93,,,,,,13.93,,"NHWA data portal, December 2025 update; https://apps.who.int/nhwaportal/",EN,2026-01-23T00:00:00.000Z
HWF_0001,"Medical doctors (per 10,000)",numeric,EMR,Eastern Mediterranean,Country,OMN,Oman,Year,2000,FALSE,,,,,,,,,,,,,14.28,,,,,,14.28,,"NHWA data portal, December 2025 update; https://apps.who.int/nhwaportal/",EN,2026-01-23T00:00:00.000Z
HWF_0001,"Medical doctors (per 10,000)",numeric,EMR,Eastern Mediterranean,Country,ARE,United Arab Emirates,Year,2000,FALSE,,,,,,,,,,,,,16.16,,,,,,16.16,,"NHWA data portal, December 2025 update; https://apps.who.int/nhwaportal/",EN,2026-01-23T00:00:00.000Z
HWF_0001,"Medical doctors (per 10,000)",numeric,AMR,Americas,Country,MEX,Mexico,Year,2000,FALSE,,,,,,,,,,,,,16.31,,,,,,16.31,,"NHWA data portal, December 2025 update; https://apps.who.int/nhwaportal/",EN,2026-01-23T00:00:00.000Z
HWF_0001,"Medical doctors (per 10,000)",numeric,EUR,Europe,Country,TJK,Tajikistan,Year,2000,FALSE,,,,,,,,,,,,,16.45,,,,,,16.45,,"NHWA data portal, December 2025 update; https://apps.who.int/nhwaportal/",EN,2026-01-23T00:00:00.000Z
HWF_0001,"Medical doctors (per 10,000)",numeric,EMR,Eastern Mediterranean,Country,JOR,Jordan,Year,2000,FALSE,,,,,,,,,,,,,17.78,,,,,,17.78,,"NHWA data portal, December 2025 update; https://apps.who.int/nhwaportal/",EN,2026-01-23T00:00:00.000Z
HWF_0001,"Medical doctors (per 10,000)",numeric,EUR,Europe,Country,KGZ,Kyrgyzstan,Year,2000,FALSE,,,,,,,,,,,,,18.03,,,,,,18.03,,"NHWA data portal, December 2025 update; https://apps.who.int/nhwaportal/",EN,2026-01-23T00:00:00.000Z
HWF_0001,"Medical doctors (per 10,000)",numeric,EUR,Europe,Country,MNE,Montenegro,Year,2000,FALSE,,,,,,,,,,,,,18.23,,,,,,18.23,,"NHWA data portal, December 2025 update; https://apps.who.int/nhwaportal/",EN,2026-01-23T00:00:00.000Z
HWF_0001,"Medical doctors (per 10,000)",numeric,AMR,Americas,Country,DOM,Dominican Republic,Year,2000,FALSE,,,,,,,,,,,,,18.25,,,,,,18.25,,"NHWA data portal, December 2025 update; https://apps.who.int/nhwaportal/",EN,2026-01-23T00:00:00.000Z
HWF_0001,"Medical doctors (per 10,000)",numeric,EMR,Eastern Mediterranean,Country,KWT,Kuwait,Year,2000,FALSE,,,,,,,,,,,,,18.56,,,,,,18.56,,"NHWA data portal, December 2025 update; https://apps.who.int/nhwaportal/",EN,2026-01-23T00:00:00.000Z
HWF_0001,"Medical doctors (per 10,000)",numeric,EUR,Europe,Country,CYP,Cyprus,Year,2000,FALSE,,,,,,,,,,,,,18.99,,,,,,18.99,,"NHWA data portal, December 2025 update; https://apps.who.int/nhwaportal/",EN,2026-01-23T00:00:00.000Z
HWF_0001,"Medical doctors (per 10,000)",numeric,WPR,Western Pacific,Country,JPN,Japan,Year,2000,FALSE,,,,,,,,,,,,,19.31,,,,,,19.31,,"NHWA data portal, December 2025 update; https://apps.who.int/nhwaportal/",EN,2026-01-23T00:00:00.000Z
HWF_0001,"Medical doctors (per 10,000)",numeric,EUR,Europe,Country,ROU,Romania,Year,2000,FALSE,,,,,,,,,,,,,19.61,,,,,,19.61,,"NHWA data portal, December 2025 update; https://apps.who.int/nhwaportal/",EN,2026-01-23T00:00:00.000Z
HWF_0001,"Medical doctors (per 10,000)",numeric,EUR,Europe,Country,GBR,United Kingdom of Great Britain and Northern Ireland,Year,2000,FALSE,,,,,,,,,,,,,19.87,,,,,,19.87,,"NHWA data portal, December 2025 update; https://apps.who.int/nhwaportal/",EN,2026-01-23T00:00:00.000Z
HWF_0001,"Medical doctors (per 10,000)",numeric,WPR,Western Pacific,Country,LAO,Lao People's Democratic Republic,Year,2000,FALSE,,,,,,,,,,,,,2.79,,,,,,2.79,,"NHWA data portal, December 2025 update; https://apps.who.int/nhwaportal/",EN,2026-01-23T00:00:00.000Z
HWF_0001,"Medical doctors (per 10,000)",numeric,AFR,Africa,Country,BWA,Botswana,Year,2000,FALSE,,,,,,,,,,,,,2.98,,,,,,2.98,,"NHWA data portal, December 2025 update; https://apps.who.int/nhwaportal/",EN,2026-01-23T00:00:00.000Z
HWF_0001,"Medical doctors (per 10,000)",numeric,EUR,Europe,Country,LUX,Luxembourg,Year,2000,FALSE,,,,,,,,,,,,,21.51,,,,,,21.51,,"NHWA data portal, December 2025 update; https://apps.who.int/nhwaportal/",EN,2026-01-23T00:00:00.000Z
HWF_0001,"Medical doctors (per 10,000)",numeric,EUR,Europe,Country,SVN,Slovenia,Year,2000,FALSE,,,,,,,,,,,,,21.54,,,,,,21.54,,"NHWA data portal, December 2025 update; https://apps.who.int/nhwaportal/",EN,2026-01-23T00:00:00.000Z
HWF_0001,"Medical doctors (per 10,000)",numeric,EUR,Europe,Country,MKD,North Macedonia,Year,2000,FALSE,,,,,,,,,,,,,21.66,,,,,,21.66,,"NHWA data portal, December 2025 update; https://apps.who.int/nhwaportal/",EN,2026-01-23T00:00:00.000Z
HWF_0001,"Medical doctors (per 10,000)",numeric,EUR,Europe,Country,IRL,Ireland,Year,2000,FALSE,,,,,,,,,,,,,22.19,,,,,,22.19,,"NHWA data portal, December 2025 update; https://apps.who.int/nhwaportal/",EN,2026-01-23T00:00:00.000Z
HWF_0001,"Medical doctors (per 10,000)",numeric,EUR,Europe,Country,POL,Poland,Year,2000,FALSE,,,,,,,,,,,,,22.23,,,,,,22.23,,"NHWA data portal, December 2025 update; https://apps.who.int/nhwaportal/",EN,2026-01-23T00:00:00.000Z
HWF_0001,"Medical doctors (per 10,000)",numeric,WPR,Western Pacific,Country,NZL,New Zealand,Year,2000,FALSE,,,,,,,,,,,,,22.33,,,,,,22.33,,"NHWA data portal, December 2025 update; https://apps.who.int/nhwaportal/",EN,2026-01-23T00:00:00.000Z
HWF_0001,"Medical doctors (per 10,000)",numeric,AMR,Americas,Country,USA,United States of America,Year,2000,FALSE,,,,,,,,,,,,,23,,,,,,23,,"NHWA data portal, December 2025 update; https://apps.who.int/nhwaportal/",EN,2026-01-23T00:00:00.000Z
HWF_0001,"Medical doctors (per 10,000)",numeric,EUR,Europe,Country,HRV,Croatia,Year,2000,FALSE,,,,,,,,,,,,,24.13,,,,,,24.13,,"NHWA data portal, December 2025 update; https://apps.who.int/nhwaportal/",EN,2026-01-23T00:00:00.000Z
HWF_0001,"Medical doctors (per 10,000)",numeric,EUR,Europe,Country,NLD,Netherlands (Kingdom of the),Year,2000,FALSE,,,,,,,,,,,,,24.23,,,,,,24.23,,"NHWA data portal, December 2025 update; https://apps.who.int/nhwaportal/",EN,2026-01-23T00:00:00.000Z
HWF_0001,"Medical doctors (per 10,000)",numeric,EUR,Europe,Country,MDA,Republic of Moldova,Year,2000,FALSE,,,,,,,,,,,,,24.37,,,,,,24.37,,"NHWA data portal, December 2025 update; https://apps.who.int/nhwaportal/",EN,2026-01-23T00:00:00.000Z
HWF_0001,"Medical doctors (per 10,000)",numeric,WPR,Western Pacific,Country,AUS,Australia,Year,2000,FALSE,,,,,,,,,,,,,24.76,,,,,,24.76,,"NHWA data portal, December 2025 update; https://apps.who.int/nhwaportal/",EN,2026-01-23T00:00:00.000Z
HWF_0001,"Medical doctors (per 10,000)",numeric,EUR,Europe,Country,FIN,Finland,Year,2000,FALSE,,,,,,,,,,,,,24.99,,,,,,24.99,,"NHWA data portal, December 2025 update; https://apps.who.int/nhwaportal/",EN,2026-01-23T00:00:00.000Z
HWF_0001,"Medical doctors (per 10,000)",numeric,EUR,Europe,Country,AND,Andorra,Year,2000,FALSE,,,,,,,,,,,,,25.57,,,,,,25.57,,"NHWA data portal, December 2025 update; https://apps.who.int/nhwaportal/",EN,2026-01-23T00:00:00.000Z
HWF_0001,"Medical doctors (per 10,000)",numeric,EUR,Europe,Country,MLT,Malta,Year,2000,FALSE,,,,,,,,,,,,,25.61,,,,,,25.61,,"NHWA data portal, December 2025 update; https://apps.who.int/nhwaportal/",EN,2026-01-23T00:00:00.000Z
HWF_0001,"Medical doctors (per 10,000)",numeric,WPR,Western Pacific,Country,MNG,Mongolia,Year,2000,FALSE,,,,,,,,,,,,,26.47,,,,,,26.47,,"NHWA data portal, December 2025 update; https://apps.who.int/nhwaportal/",EN,2026-01-23T00:00:00.000Z
HWF_0001,"Medical doctors (per 10,000)",numeric,EUR,Europe,Country,ARM,Armenia,Year,2000,FALSE,,,,,,,,,,,,,26.52,,,,,,26.52,,"NHWA data portal, December 2025 update; https://apps.who.int/nhwaportal/",EN,2026-01-23T00:00:00.000Z
HWF_0001,"Medical doctors (per 10,000)",numeric,EUR,Europe,Country,HUN,Hungary,Year,2000,FALSE,,,,,,,,,,,,,26.88,,,,,,26.88,,"NHWA data portal, December 2025 update; https://apps.who.int/nhwaportal/",EN,2026-01-23T00:00:00.000Z
HWF_0001,"Medical doctors (per 10,000)",numeric,EUR,Europe,Country,TKM,Turkmenistan,Year,2000,FALSE,,,,,,,,,,,,,27.08,,,,,,27.08,,"NHWA data portal, December 2025 update; https://apps.who.int/nhwaportal/",EN,2026-01-23T00:00:00.000Z
HWF_0001,"Medical doctors (per 10,000)",numeric,EUR,Europe,Country,BEL,Belgium,Year,2000,FALSE,,,,,,,,,,,,,28.29,,,,,,28.29,,"NHWA data portal, December 2025 update; https://apps.who.int/nhwaportal/",EN,2026-01-23T00:00:00.000Z
HWF_0001,"Medical doctors (per 10,000)",numeric,EUR,Europe,Country,LVA,Latvia,Year,2000,FALSE,,,,,,,,,,,,,28.79,,,,,,28.79,,"NHWA data portal, December 2025 update; https://apps.who.int/nhwaportal/",EN,2026-01-23T00:00:00.000Z
HWF_0001,"Medical doctors (per 10,000)",numeric,EUR,Europe,Country,DNK,Denmark,Year,2000,FALSE,,,,,,,,,,,,,29.13,,,,,,29.13,,"NHWA data portal, December 2025 update; https://apps.who.int/nhwaportal/",EN,2026-01-23T00:00:00.000Z
HWF_0001,"Medical doctors (per 10,000)",numeric,EUR,Europe,Country,EST,Estonia,Year,2000,FALSE,,,,,,,,,,,,,29.42,,,,,,29.42,,"NHWA data portal, December 2025 update; https://apps.who.int/nhwaportal/",EN,2026-01-23T00:00:00.000Z
HWF_0001,"Medical doctors (per 10,000)",numeric,EUR,Europe,Country,UZB,Uzbekistan,Year,2000,FALSE,,,,,,,,,,,,,29.61,,,,,,29.61,,"NHWA data portal, December 2025 update; https://apps.who.int/nhwaportal/",EN,2026-01-23T00:00:00.000Z
HWF_0001,"Medical doctors (per 10,000)",numeric,EUR,Europe,Country,UKR,Ukraine,Year,2000,FALSE,,,,,,,,,,,,,29.86,,,,,,29.86,,"NHWA data portal, December 2025 update; https://apps.who.int/nhwaportal/",EN,2026-01-23T00:00:00.000Z
HWF_0001,"Medical doctors (per 10,000)",numeric,EUR,Europe,Country,SWE,Sweden,Year,2000,FALSE,,,,,,,,,,,,,30.26,,,,,,30.26,,"NHWA data portal, December 2025 update; https://apps.who.int/nhwaportal/",EN,2026-01-23T00:00:00.000Z
HWF_0001,"Medical doctors (per 10,000)",numeric,EUR,Europe,Country,ESP,Spain,Year,2000,FALSE,,,,,,,,,,,,,31.01,,,,,,31.01,,"NHWA data portal, December 2025 update; https://apps.who.int/nhwaportal/",EN,2026-01-23T00:00:00.000Z
HWF_0001,"Medical doctors (per 10,000)",numeric,EUR,Europe,Country,KAZ,Kazakhstan,Year,2000,FALSE,,,,,,,,,,,,,31.58,,,,,,31.58,,"NHWA data portal, December 2025 update; https://apps.who.int/nhwaportal/",EN,2026-01-23T00:00:00.000Z
HWF_0001,"Medical doctors (per 10,000)",numeric,EUR,Europe,Country,PRT,Portugal,Year,2000,FALSE,,,,,,,,,,,,,32.07,,,,,,32.07,,"NHWA data portal, December 2025 update; https://apps.who.int/nhwaportal/",EN,2026-01-23T00:00:00.000Z
HWF_0001,"Medical doctors (per 10,000)",numeric,EUR,Europe,Country,SVK,Slovakia,Year,2000,FALSE,,,,,,,,,,,,,32.38,,,,,,32.38,,"NHWA data portal, December 2025 update; https://apps.who.int/nhwaportal/",EN,2026-01-23T00:00:00.000Z
HWF_0001,"Medical doctors (per 10,000)",numeric,EUR,Europe,Country,DEU,Germany,Year,2000,FALSE,,,,,,,,,,,,,32.63,,,,,,32.63,,"NHWA data portal, December 2025 update; https://apps.who.int/nhwaportal/",EN,2026-01-23T00:00:00.000Z
HWF_0001,"Medical doctors (per 10,000)",numeric,EUR,Europe,Country,BLR,Belarus,Year,2000,FALSE,,,,,,,,,,,,,32.68,,,,,,32.68,,"NHWA data portal, December 2025 update; https://apps.who.int/nhwaportal/",EN,2026-01-23T00:00:00.000Z
HWF_0001,"Medical doctors (per 10,000)",numeric,EUR,Europe,Country,FRA,France,Year,2000,FALSE,,,,,,,,,,,,,33.28,,,,,,33.28,,"NHWA data portal, December 2025 update; https://apps.who.int/nhwaportal/",EN,2026-01-23T00:00:00.000Z
HWF_0001,"Medical doctors (per 10,000)",numeric,EUR,Europe,Country,CZE,Czechia,Year,2000,FALSE,,,,,,,,,,,,,33.8,,,,,,33.8,,"NHWA data portal, December 2025 update; https://apps.who.int/nhwaportal/",EN,2026-01-23T00:00:00.000Z
HWF_0001,"Medical doctors (per 10,000)",numeric,EUR,Europe,Country,NOR,Norway,Year,2000,FALSE,,,,,,,,,,,,,33.8,,,,,,33.8,,"NHWA data portal, December 2025 update; https://apps.who.int/nhwaportal/",EN,2026-01-23T00:00:00.000Z
HWF_0001,"Medical doctors (per 10,000)",numeric,EUR,Europe,Country,ITA,Italy,Year,2000,FALSE,,,,,,,,,,,,,34.24,,,,,,34.24,,"NHWA data portal, December 2025 update; https://apps.who.int/nhwaportal/",EN,2026-01-23T00:00:00.000Z
HWF_0001,"Medical doctors (per 10,000)",numeric,EUR,Europe,Country,BGR,Bulgaria,Year,2000,FALSE,,,,,,,,,,,,,34.41,,,,,,34.41,,"NHWA data portal, December 2025 update; https://apps.who.int/nhwaportal/",EN,2026-01-23T00:00:00.000Z
HWF_0001,"Medical doctors (per 10,000)",numeric,EUR,Europe,Country,ISL,Iceland,Year,2000,FALSE,,,,,,,,,,,,,34.41,,,,,,34.41,,"NHWA data portal, December 2025 update; https://apps.who.int/nhwaportal/",EN,2026-01-23T00:00:00.000Z
HWF_0001,"Medical doctors (per 10,000)",numeric,EUR,Europe,Country,CHE,Switzerland,Year,2000,FALSE,,,,,,,,,,,,,35.1,,,,,,35.1,,"NHWA data portal, December 2025 update; https://apps.who.int/nhwaportal/",EN,2026-01-23T00:00:00.000Z
HWF_0001,"Medical doctors (per 10,000)",numeric,EUR,Europe,Country,AZE,Azerbaijan,Year,2000,FALSE,,,,,,,,,,,,,35.52,,,,,,35.52,,"NHWA data portal, December 2025 update; https://apps.who.int/nhwaportal/",EN,2026-01-23T00:00:00.000Z
HWF_0001,"Medical doctors (per 10,000)",numeric,EUR,Europe,Country,LTU,Lithuania,Year,2000,FALSE,,,,,,,,,,,,,36.26,,,,,,36.26,,"NHWA data portal, December 2025 update; https://apps.who.int/nhwaportal/",EN,2026-01-23T00:00:00.000Z
HWF_0001,"Medical doctors (per 10,000)",numeric,EUR,Europe,Country,ISR,Israel,Year,2000,FALSE,,,,,,,,,,,,,36.97,,,,,,36.97,,"NHWA data portal, December 2025 update; https://apps.who.int/nhwaportal/",EN,2026-01-23T00:00:00.000Z
HWF_0001,"Medical doctors (per 10,000)",numeric,EUR,Europe,Country,GEO,Georgia,Year,2000,FALSE,,,,,,,,,,,,,38.67,,,,,,38.67,,"NHWA data portal, December 2025 update; https://apps.who.int/nhwaportal/",EN,2026-01-23T00:00:00.000Z
HWF_0001,"Medical doctors (per 10,000)",numeric,EUR,Europe,Country,AUT,Austria,Year,2000,FALSE,,,,,,,,,,,,,38.76,,,,,,38.76,,"NHWA data portal, December 2025 update; https://apps.who.int/nhwaportal/",EN,2026-01-23T00:00:00.000Z
HWF_0001,"Medical doctors (per 10,000)",numeric,AMR,Americas,Country,SUR,Suriname,Year,2000,FALSE,,,,,,,,,,,,,4.01,,,,,,4.01,,"NHWA data portal, December 2025 update; https://apps.who.int/nhwaportal/",EN,2026-01-23T00:00:00.000Z
HWF_0001,"Medical doctors (per 10,000)",numeric,SEAR,South-East Asia,Country,LKA,Sri Lanka,Year,2000,FALSE,,,,,,,,,,,,,4.13,,,,,,4.13,,"NHWA data portal, December 2025 update; https://apps.who.int/nhwaportal/",EN,2026-01-23T00:00:00.000Z
HWF_0001,"Medical doctors (per 10,000)",numeric,EMR,Eastern Mediterranean,Country,MAR,Morocco,Year,2000,FALSE,,,,,,,,,,,,,4.38,,,,,,4.38,,"NHWA data portal, December 2025 update; https://apps.who.int/nhwaportal/",EN,2026-01-23T00:00:00.000Z
HWF_0001,"Medical doctors (per 10,000)",numeric,AMR,Americas,Country,GUY,Guyana,Year,2000,FALSE,,,,,,,,,,,,,4.79,,,,,,4.79,,"NHWA data portal, December 2025 update; https://apps.who.int/nhwaportal/",EN,2026-01-23T00:00:00.000Z
HWF_0001,"Medical doctors (per 10,000)",numeric,EUR,Europe,Country,GRC,Greece,Year,2000,FALSE,,,,,,,,,,,,,43.82,,,,,,43.82,,"NHWA data portal, December 2025 update; https://apps.who.int/nhwaportal/",EN,2026-01-23T00:00:00.000Z
HWF_0001,"Medical doctors (per 10,000)",numeric,EUR,Europe,Country,RUS,Russian Federation,Year,2000,FALSE,,,,,,,,,,,,,46.36,,,,,,46.36,,"NHWA data portal, December 2025 update; https://apps.who.int/nhwaportal/",EN,2026-01-23T00:00:00.000Z
HWF_0001,"Medical doctors (per 10,000)",numeric,SEAR,South-East Asia,Country,IND,India,Year,2000,FALSE,,,,,,,,,,,,,5.25,,,,,,5.25,,"NHWA data portal, December 2025 update; https://apps.who.int/nhwaportal/",EN,2026-01-23T00:00:00.000Z
HWF_0001,"Medical doctors (per 10,000)",numeric,AMR,Americas,Country,GRD,Grenada,Year,2000,FALSE,,,,,,,,,,,,,5.4,,,,,,5.4,,"NHWA data portal, December 2025 update; https://apps.who.int/nhwaportal/",EN,2026-01-23T00:00:00.000Z
HWF_0001,"Medical doctors (per 10,000)",numeric,AMR,Americas,Country,HND,Honduras,Year,2000,FALSE,,,,,,,,,,,,,5.59,,,,,,5.59,,"NHWA data portal, December 2025 update; https://apps.who.int/nhwaportal/",EN,2026-01-23T00:00:00.000Z
HWF_0001,"Medical doctors (per 10,000)",numeric,WPR,Western Pacific,Country,FSM,Micronesia (Federated States of),Year,2000,FALSE,,,,,,,,,,,,,5.71,,,,,,5.71,,"NHWA data portal, December 2025 update; https://apps.who.int/nhwaportal/",EN,2026-01-23T00:00:00.000Z
HWF_0001,"Medical doctors (per 10,000)",numeric,EMR,Eastern Mediterranean,Country,PAK,Pakistan,Year,2000,FALSE,,,,,,,,,,,,,5.93,,,,,,5.93,,"NHWA data portal, December 2025 update; https://apps.who.int/nhwaportal/",EN,2026-01-23T00:00:00.000Z
HWF_0001,"Medical doctors (per 10,000)",numeric,AMR,Americas,Country,CUB,Cuba,Year,2000,FALSE,,,,,,,,,,,,,59.41,,,,,,59.41,,"NHWA data portal, December 2025 update; https://apps.who.int/nhwaportal/",EN,2026-01-23T00:00:00.000Z
HWF_0001,"Medical doctors (per 10,000)",numeric,WPR,Western Pacific,Country,MYS,Malaysia,Year,2000,FALSE,,,,,,,,,,,,,6.8,,,,,,6.8,,"NHWA data portal, December 2025 update; https://apps.who.int/nhwaportal/",EN,2026-01-23T00:00:00.000Z
HWF_0001,"Medical doctors (per 10,000)",numeric,EMR,Eastern Mediterranean,Country,TUN,Tunisia,Year,2000,FALSE,,,,,,,,,,,,,7.62,,,,,,7.62,,"NHWA data portal, December 2025 update; https://apps.who.int/nhwaportal/",EN,2026-01-23T00:00:00.000Z
HWF_0001,"Medical doctors (per 10,000)",numeric,AMR,Americas,Country,VCT,Saint Vincent and the Grenadines,Year,2000,FALSE,,,,,,,,,,,,,7.84,,,,,,7.84,,"NHWA data portal, December 2025 update; https://apps.who.int/nhwaportal/",EN,2026-01-23T00:00:00.000Z
HWF_0001,"Medical doctors (per 10,000)",numeric,AMR,Americas,Country,ECU,Ecuador,Year,2000,FALSE,,,,,,,,,,,,,8.12,,,,,,8.12,,"NHWA data portal, December 2025 update; https://apps.who.int/nhwaportal/",EN,2026-01-23T00:00:00.000Z
HWF_0001,"Medical doctors (per 10,000)",numeric,AFR,Africa,Country,MUS,Mauritius,Year,2000,FALSE,,,,,,,,,,,,,8.88,,,,,,8.88,,"NHWA data portal, December 2025 update; https://apps.who.int/nhwaportal/",EN,2026-01-23T00:00:00.000Z
HWF_0001,"Medical doctors (per 10,000)",numeric,EMR,Eastern Mediterranean,Country,SAU,Saudi Arabia,Year,2000,FALSE,,,,,,,,,,,,,9.24,,,,,,9.24,,"NHWA data portal, December 2025 update; https://apps.who.int/nhwaportal/",EN,2026-01-23T00:00:00.000Z
HWF_0001,"Medical doctors (per 10,000)",numeric,AMR,Americas,Country,TTO,Trinidad and Tobago,Year,2000,FALSE,,,,,,,,,,,,,9.66,,,,,,9.66,,"NHWA data portal, December 2025 update; https://apps.who.int/nhwaportal/",EN,2026-01-23T00:00:00.000Z
